U_1L,I_1L,U_2L,I_2L (A),W_1 ,W_2,P_1,UE,PF,P2,eta
400.2,0.9419,242.7,1,110,400,510,1.64894932,0.7811378239,328.3659158,64
400.4,1.5,241,2,320,600,920,1.661410788,0.8843860267,738.3283383,80
401.3,2,241.5,3,500,750,1250,1.661697723,0.8991874364,1128.364067,90
401.3,2.69,240.9,4,760,1000,1760,1.665836447,0.9413055097,1571.04281,89
400.3,3.28,239.3,5,850,1250,2100,1.672795654,0.9234199086,1913.694302,91
401.5,3.9,239.5,6,1100,1500,2600,1.676409186,0.9586554906,2386.052304,92
400.9,4.47,238,7,1350,1700,3050,1.684453782,0.982642701,2835.510482,93
400.3,5,237,8,1550,1900,3450,1.689029536,0.9951828272,3268.148888,95